TUNE_IDX,WINDOW_LIMIT,LATENT_DIM,HIDDEN_DIM,TOKEN_CUTS,MIN_BASE_TOKEN_REPRESENATION,MAX_TOKENS_PER_BASE_TOKEN,PHYS_IMPRESSION_TOKENS,RNN_TYPE,EMBED_DROPOUT,RNN_LAYERS,NUM_EPOCHS,ES_PATIENCE,IMBALANCE_CORRECTION,OUTCOME_LABEL,LEARNING_RATE,BATCH_SIZE,REPEAT,FOLD
127,6,512,128,20,0.05,100,True,GRU,0.2,1,200,30,weights,TomorrowTILBasic,0.001,1,1,1
181,13,256,256,20,0.05,None,True,LSTM,0.2,1,200,30,weights,TomorrowTILBasic,0.001,1,1,1
301,6,1024,128,20,None,None,True,GRU,0.2,1,200,30,weights,TomorrowTILBasic,0.001,1,1,1
304,6,1024,128,20,0.05,100,True,GRU,0.2,1,200,30,weights,TomorrowTILBasic,0.001,1,1,1
306,6,1024,256,20,None,100,True,GRU,0.2,1,200,30,weights,TomorrowTILBasic,0.001,1,1,1
332,13,1024,256,20,0.05,100,True,GRU,0.2,1,200,30,weights,TomorrowTILBasic,0.001,1,1,1
127,6,512,128,20,0.05,100,True,GRU,0.2,1,200,30,weights,TomorrowTILBasic,0.001,1,1,2
181,13,256,256,20,0.05,None,True,LSTM,0.2,1,200,30,weights,TomorrowTILBasic,0.001,1,1,2
301,6,1024,128,20,None,None,True,GRU,0.2,1,200,30,weights,TomorrowTILBasic,0.001,1,1,2
304,6,1024,128,20,0.05,100,True,GRU,0.2,1,200,30,weights,TomorrowTILBasic,0.001,1,1,2
306,6,1024,256,20,None,100,True,GRU,0.2,1,200,30,weights,TomorrowTILBasic,0.001,1,1,2
332,13,1024,256,20,0.05,100,True,GRU,0.2,1,200,30,weights,TomorrowTILBasic,0.001,1,1,2
127,6,512,128,20,0.05,100,True,GRU,0.2,1,200,30,weights,TomorrowTILBasic,0.001,1,1,3
181,13,256,256,20,0.05,None,True,LSTM,0.2,1,200,30,weights,TomorrowTILBasic,0.001,1,1,3
301,6,1024,128,20,None,None,True,GRU,0.2,1,200,30,weights,TomorrowTILBasic,0.001,1,1,3
304,6,1024,128,20,0.05,100,True,GRU,0.2,1,200,30,weights,TomorrowTILBasic,0.001,1,1,3
306,6,1024,256,20,None,100,True,GRU,0.2,1,200,30,weights,TomorrowTILBasic,0.001,1,1,3
332,13,1024,256,20,0.05,100,True,GRU,0.2,1,200,30,weights,TomorrowTILBasic,0.001,1,1,3
127,6,512,128,20,0.05,100,True,GRU,0.2,1,200,30,weights,TomorrowTILBasic,0.001,1,1,4
181,13,256,256,20,0.05,None,True,LSTM,0.2,1,200,30,weights,TomorrowTILBasic,0.001,1,1,4
301,6,1024,128,20,None,None,True,GRU,0.2,1,200,30,weights,TomorrowTILBasic,0.001,1,1,4
304,6,1024,128,20,0.05,100,True,GRU,0.2,1,200,30,weights,TomorrowTILBasic,0.001,1,1,4
306,6,1024,256,20,None,100,True,GRU,0.2,1,200,30,weights,TomorrowTILBasic,0.001,1,1,4
332,13,1024,256,20,0.05,100,True,GRU,0.2,1,200,30,weights,TomorrowTILBasic,0.001,1,1,4
127,6,512,128,20,0.05,100,True,GRU,0.2,1,200,30,weights,TomorrowTILBasic,0.001,1,1,5
181,13,256,256,20,0.05,None,True,LSTM,0.2,1,200,30,weights,TomorrowTILBasic,0.001,1,1,5
301,6,1024,128,20,None,None,True,GRU,0.2,1,200,30,weights,TomorrowTILBasic,0.001,1,1,5
304,6,1024,128,20,0.05,100,True,GRU,0.2,1,200,30,weights,TomorrowTILBasic,0.001,1,1,5
306,6,1024,256,20,None,100,True,GRU,0.2,1,200,30,weights,TomorrowTILBasic,0.001,1,1,5
332,13,1024,256,20,0.05,100,True,GRU,0.2,1,200,30,weights,TomorrowTILBasic,0.001,1,1,5
127,6,512,128,20,0.05,100,True,GRU,0.2,1,200,30,weights,TomorrowTILBasic,0.001,1,2,1
181,13,256,256,20,0.05,None,True,LSTM,0.2,1,200,30,weights,TomorrowTILBasic,0.001,1,2,1
301,6,1024,128,20,None,None,True,GRU,0.2,1,200,30,weights,TomorrowTILBasic,0.001,1,2,1
304,6,1024,128,20,0.05,100,True,GRU,0.2,1,200,30,weights,TomorrowTILBasic,0.001,1,2,1
306,6,1024,256,20,None,100,True,GRU,0.2,1,200,30,weights,TomorrowTILBasic,0.001,1,2,1
332,13,1024,256,20,0.05,100,True,GRU,0.2,1,200,30,weights,TomorrowTILBasic,0.001,1,2,1
127,6,512,128,20,0.05,100,True,GRU,0.2,1,200,30,weights,TomorrowTILBasic,0.001,1,2,2
181,13,256,256,20,0.05,None,True,LSTM,0.2,1,200,30,weights,TomorrowTILBasic,0.001,1,2,2
301,6,1024,128,20,None,None,True,GRU,0.2,1,200,30,weights,TomorrowTILBasic,0.001,1,2,2
304,6,1024,128,20,0.05,100,True,GRU,0.2,1,200,30,weights,TomorrowTILBasic,0.001,1,2,2
306,6,1024,256,20,None,100,True,GRU,0.2,1,200,30,weights,TomorrowTILBasic,0.001,1,2,2
332,13,1024,256,20,0.05,100,True,GRU,0.2,1,200,30,weights,TomorrowTILBasic,0.001,1,2,2
127,6,512,128,20,0.05,100,True,GRU,0.2,1,200,30,weights,TomorrowTILBasic,0.001,1,2,3
181,13,256,256,20,0.05,None,True,LSTM,0.2,1,200,30,weights,TomorrowTILBasic,0.001,1,2,3
301,6,1024,128,20,None,None,True,GRU,0.2,1,200,30,weights,TomorrowTILBasic,0.001,1,2,3
304,6,1024,128,20,0.05,100,True,GRU,0.2,1,200,30,weights,TomorrowTILBasic,0.001,1,2,3
306,6,1024,256,20,None,100,True,GRU,0.2,1,200,30,weights,TomorrowTILBasic,0.001,1,2,3
332,13,1024,256,20,0.05,100,True,GRU,0.2,1,200,30,weights,TomorrowTILBasic,0.001,1,2,3
127,6,512,128,20,0.05,100,True,GRU,0.2,1,200,30,weights,TomorrowTILBasic,0.001,1,2,4
181,13,256,256,20,0.05,None,True,LSTM,0.2,1,200,30,weights,TomorrowTILBasic,0.001,1,2,4
301,6,1024,128,20,None,None,True,GRU,0.2,1,200,30,weights,TomorrowTILBasic,0.001,1,2,4
304,6,1024,128,20,0.05,100,True,GRU,0.2,1,200,30,weights,TomorrowTILBasic,0.001,1,2,4
306,6,1024,256,20,None,100,True,GRU,0.2,1,200,30,weights,TomorrowTILBasic,0.001,1,2,4
332,13,1024,256,20,0.05,100,True,GRU,0.2,1,200,30,weights,TomorrowTILBasic,0.001,1,2,4
127,6,512,128,20,0.05,100,True,GRU,0.2,1,200,30,weights,TomorrowTILBasic,0.001,1,2,5
181,13,256,256,20,0.05,None,True,LSTM,0.2,1,200,30,weights,TomorrowTILBasic,0.001,1,2,5
301,6,1024,128,20,None,None,True,GRU,0.2,1,200,30,weights,TomorrowTILBasic,0.001,1,2,5
304,6,1024,128,20,0.05,100,True,GRU,0.2,1,200,30,weights,TomorrowTILBasic,0.001,1,2,5
306,6,1024,256,20,None,100,True,GRU,0.2,1,200,30,weights,TomorrowTILBasic,0.001,1,2,5
332,13,1024,256,20,0.05,100,True,GRU,0.2,1,200,30,weights,TomorrowTILBasic,0.001,1,2,5
127,6,512,128,20,0.05,100,True,GRU,0.2,1,200,30,weights,TomorrowTILBasic,0.001,1,3,1
181,13,256,256,20,0.05,None,True,LSTM,0.2,1,200,30,weights,TomorrowTILBasic,0.001,1,3,1
301,6,1024,128,20,None,None,True,GRU,0.2,1,200,30,weights,TomorrowTILBasic,0.001,1,3,1
304,6,1024,128,20,0.05,100,True,GRU,0.2,1,200,30,weights,TomorrowTILBasic,0.001,1,3,1
306,6,1024,256,20,None,100,True,GRU,0.2,1,200,30,weights,TomorrowTILBasic,0.001,1,3,1
332,13,1024,256,20,0.05,100,True,GRU,0.2,1,200,30,weights,TomorrowTILBasic,0.001,1,3,1
127,6,512,128,20,0.05,100,True,GRU,0.2,1,200,30,weights,TomorrowTILBasic,0.001,1,3,2
181,13,256,256,20,0.05,None,True,LSTM,0.2,1,200,30,weights,TomorrowTILBasic,0.001,1,3,2
301,6,1024,128,20,None,None,True,GRU,0.2,1,200,30,weights,TomorrowTILBasic,0.001,1,3,2
304,6,1024,128,20,0.05,100,True,GRU,0.2,1,200,30,weights,TomorrowTILBasic,0.001,1,3,2
306,6,1024,256,20,None,100,True,GRU,0.2,1,200,30,weights,TomorrowTILBasic,0.001,1,3,2
332,13,1024,256,20,0.05,100,True,GRU,0.2,1,200,30,weights,TomorrowTILBasic,0.001,1,3,2
127,6,512,128,20,0.05,100,True,GRU,0.2,1,200,30,weights,TomorrowTILBasic,0.001,1,3,3
181,13,256,256,20,0.05,None,True,LSTM,0.2,1,200,30,weights,TomorrowTILBasic,0.001,1,3,3
301,6,1024,128,20,None,None,True,GRU,0.2,1,200,30,weights,TomorrowTILBasic,0.001,1,3,3
304,6,1024,128,20,0.05,100,True,GRU,0.2,1,200,30,weights,TomorrowTILBasic,0.001,1,3,3
306,6,1024,256,20,None,100,True,GRU,0.2,1,200,30,weights,TomorrowTILBasic,0.001,1,3,3
332,13,1024,256,20,0.05,100,True,GRU,0.2,1,200,30,weights,TomorrowTILBasic,0.001,1,3,3
127,6,512,128,20,0.05,100,True,GRU,0.2,1,200,30,weights,TomorrowTILBasic,0.001,1,3,4
181,13,256,256,20,0.05,None,True,LSTM,0.2,1,200,30,weights,TomorrowTILBasic,0.001,1,3,4
301,6,1024,128,20,None,None,True,GRU,0.2,1,200,30,weights,TomorrowTILBasic,0.001,1,3,4
304,6,1024,128,20,0.05,100,True,GRU,0.2,1,200,30,weights,TomorrowTILBasic,0.001,1,3,4
306,6,1024,256,20,None,100,True,GRU,0.2,1,200,30,weights,TomorrowTILBasic,0.001,1,3,4
332,13,1024,256,20,0.05,100,True,GRU,0.2,1,200,30,weights,TomorrowTILBasic,0.001,1,3,4
127,6,512,128,20,0.05,100,True,GRU,0.2,1,200,30,weights,TomorrowTILBasic,0.001,1,3,5
181,13,256,256,20,0.05,None,True,LSTM,0.2,1,200,30,weights,TomorrowTILBasic,0.001,1,3,5
301,6,1024,128,20,None,None,True,GRU,0.2,1,200,30,weights,TomorrowTILBasic,0.001,1,3,5
304,6,1024,128,20,0.05,100,True,GRU,0.2,1,200,30,weights,TomorrowTILBasic,0.001,1,3,5
306,6,1024,256,20,None,100,True,GRU,0.2,1,200,30,weights,TomorrowTILBasic,0.001,1,3,5
332,13,1024,256,20,0.05,100,True,GRU,0.2,1,200,30,weights,TomorrowTILBasic,0.001,1,3,5
127,6,512,128,20,0.05,100,True,GRU,0.2,1,200,30,weights,TomorrowTILBasic,0.001,1,4,1
181,13,256,256,20,0.05,None,True,LSTM,0.2,1,200,30,weights,TomorrowTILBasic,0.001,1,4,1
301,6,1024,128,20,None,None,True,GRU,0.2,1,200,30,weights,TomorrowTILBasic,0.001,1,4,1
304,6,1024,128,20,0.05,100,True,GRU,0.2,1,200,30,weights,TomorrowTILBasic,0.001,1,4,1
306,6,1024,256,20,None,100,True,GRU,0.2,1,200,30,weights,TomorrowTILBasic,0.001,1,4,1
332,13,1024,256,20,0.05,100,True,GRU,0.2,1,200,30,weights,TomorrowTILBasic,0.001,1,4,1
127,6,512,128,20,0.05,100,True,GRU,0.2,1,200,30,weights,TomorrowTILBasic,0.001,1,4,2
181,13,256,256,20,0.05,None,True,LSTM,0.2,1,200,30,weights,TomorrowTILBasic,0.001,1,4,2
301,6,1024,128,20,None,None,True,GRU,0.2,1,200,30,weights,TomorrowTILBasic,0.001,1,4,2
304,6,1024,128,20,0.05,100,True,GRU,0.2,1,200,30,weights,TomorrowTILBasic,0.001,1,4,2
306,6,1024,256,20,None,100,True,GRU,0.2,1,200,30,weights,TomorrowTILBasic,0.001,1,4,2
332,13,1024,256,20,0.05,100,True,GRU,0.2,1,200,30,weights,TomorrowTILBasic,0.001,1,4,2
127,6,512,128,20,0.05,100,True,GRU,0.2,1,200,30,weights,TomorrowTILBasic,0.001,1,4,3
181,13,256,256,20,0.05,None,True,LSTM,0.2,1,200,30,weights,TomorrowTILBasic,0.001,1,4,3
301,6,1024,128,20,None,None,True,GRU,0.2,1,200,30,weights,TomorrowTILBasic,0.001,1,4,3
304,6,1024,128,20,0.05,100,True,GRU,0.2,1,200,30,weights,TomorrowTILBasic,0.001,1,4,3
306,6,1024,256,20,None,100,True,GRU,0.2,1,200,30,weights,TomorrowTILBasic,0.001,1,4,3
332,13,1024,256,20,0.05,100,True,GRU,0.2,1,200,30,weights,TomorrowTILBasic,0.001,1,4,3
127,6,512,128,20,0.05,100,True,GRU,0.2,1,200,30,weights,TomorrowTILBasic,0.001,1,4,4
181,13,256,256,20,0.05,None,True,LSTM,0.2,1,200,30,weights,TomorrowTILBasic,0.001,1,4,4
301,6,1024,128,20,None,None,True,GRU,0.2,1,200,30,weights,TomorrowTILBasic,0.001,1,4,4
304,6,1024,128,20,0.05,100,True,GRU,0.2,1,200,30,weights,TomorrowTILBasic,0.001,1,4,4
306,6,1024,256,20,None,100,True,GRU,0.2,1,200,30,weights,TomorrowTILBasic,0.001,1,4,4
332,13,1024,256,20,0.05,100,True,GRU,0.2,1,200,30,weights,TomorrowTILBasic,0.001,1,4,4
127,6,512,128,20,0.05,100,True,GRU,0.2,1,200,30,weights,TomorrowTILBasic,0.001,1,4,5
181,13,256,256,20,0.05,None,True,LSTM,0.2,1,200,30,weights,TomorrowTILBasic,0.001,1,4,5
301,6,1024,128,20,None,None,True,GRU,0.2,1,200,30,weights,TomorrowTILBasic,0.001,1,4,5
304,6,1024,128,20,0.05,100,True,GRU,0.2,1,200,30,weights,TomorrowTILBasic,0.001,1,4,5
306,6,1024,256,20,None,100,True,GRU,0.2,1,200,30,weights,TomorrowTILBasic,0.001,1,4,5
332,13,1024,256,20,0.05,100,True,GRU,0.2,1,200,30,weights,TomorrowTILBasic,0.001,1,4,5
127,6,512,128,20,0.05,100,True,GRU,0.2,1,200,30,weights,TomorrowTILBasic,0.001,1,5,1
181,13,256,256,20,0.05,None,True,LSTM,0.2,1,200,30,weights,TomorrowTILBasic,0.001,1,5,1
301,6,1024,128,20,None,None,True,GRU,0.2,1,200,30,weights,TomorrowTILBasic,0.001,1,5,1
304,6,1024,128,20,0.05,100,True,GRU,0.2,1,200,30,weights,TomorrowTILBasic,0.001,1,5,1
306,6,1024,256,20,None,100,True,GRU,0.2,1,200,30,weights,TomorrowTILBasic,0.001,1,5,1
332,13,1024,256,20,0.05,100,True,GRU,0.2,1,200,30,weights,TomorrowTILBasic,0.001,1,5,1
127,6,512,128,20,0.05,100,True,GRU,0.2,1,200,30,weights,TomorrowTILBasic,0.001,1,5,2
181,13,256,256,20,0.05,None,True,LSTM,0.2,1,200,30,weights,TomorrowTILBasic,0.001,1,5,2
301,6,1024,128,20,None,None,True,GRU,0.2,1,200,30,weights,TomorrowTILBasic,0.001,1,5,2
304,6,1024,128,20,0.05,100,True,GRU,0.2,1,200,30,weights,TomorrowTILBasic,0.001,1,5,2
306,6,1024,256,20,None,100,True,GRU,0.2,1,200,30,weights,TomorrowTILBasic,0.001,1,5,2
332,13,1024,256,20,0.05,100,True,GRU,0.2,1,200,30,weights,TomorrowTILBasic,0.001,1,5,2
127,6,512,128,20,0.05,100,True,GRU,0.2,1,200,30,weights,TomorrowTILBasic,0.001,1,5,3
181,13,256,256,20,0.05,None,True,LSTM,0.2,1,200,30,weights,TomorrowTILBasic,0.001,1,5,3
301,6,1024,128,20,None,None,True,GRU,0.2,1,200,30,weights,TomorrowTILBasic,0.001,1,5,3
304,6,1024,128,20,0.05,100,True,GRU,0.2,1,200,30,weights,TomorrowTILBasic,0.001,1,5,3
306,6,1024,256,20,None,100,True,GRU,0.2,1,200,30,weights,TomorrowTILBasic,0.001,1,5,3
332,13,1024,256,20,0.05,100,True,GRU,0.2,1,200,30,weights,TomorrowTILBasic,0.001,1,5,3
127,6,512,128,20,0.05,100,True,GRU,0.2,1,200,30,weights,TomorrowTILBasic,0.001,1,5,4
181,13,256,256,20,0.05,None,True,LSTM,0.2,1,200,30,weights,TomorrowTILBasic,0.001,1,5,4
301,6,1024,128,20,None,None,True,GRU,0.2,1,200,30,weights,TomorrowTILBasic,0.001,1,5,4
304,6,1024,128,20,0.05,100,True,GRU,0.2,1,200,30,weights,TomorrowTILBasic,0.001,1,5,4
306,6,1024,256,20,None,100,True,GRU,0.2,1,200,30,weights,TomorrowTILBasic,0.001,1,5,4
332,13,1024,256,20,0.05,100,True,GRU,0.2,1,200,30,weights,TomorrowTILBasic,0.001,1,5,4
127,6,512,128,20,0.05,100,True,GRU,0.2,1,200,30,weights,TomorrowTILBasic,0.001,1,5,5
181,13,256,256,20,0.05,None,True,LSTM,0.2,1,200,30,weights,TomorrowTILBasic,0.001,1,5,5
301,6,1024,128,20,None,None,True,GRU,0.2,1,200,30,weights,TomorrowTILBasic,0.001,1,5,5
304,6,1024,128,20,0.05,100,True,GRU,0.2,1,200,30,weights,TomorrowTILBasic,0.001,1,5,5
306,6,1024,256,20,None,100,True,GRU,0.2,1,200,30,weights,TomorrowTILBasic,0.001,1,5,5
332,13,1024,256,20,0.05,100,True,GRU,0.2,1,200,30,weights,TomorrowTILBasic,0.001,1,5,5
127,6,512,128,20,0.05,100,True,GRU,0.2,1,200,30,weights,TomorrowTILBasic,0.001,1,6,1
181,13,256,256,20,0.05,None,True,LSTM,0.2,1,200,30,weights,TomorrowTILBasic,0.001,1,6,1
301,6,1024,128,20,None,None,True,GRU,0.2,1,200,30,weights,TomorrowTILBasic,0.001,1,6,1
304,6,1024,128,20,0.05,100,True,GRU,0.2,1,200,30,weights,TomorrowTILBasic,0.001,1,6,1
306,6,1024,256,20,None,100,True,GRU,0.2,1,200,30,weights,TomorrowTILBasic,0.001,1,6,1
332,13,1024,256,20,0.05,100,True,GRU,0.2,1,200,30,weights,TomorrowTILBasic,0.001,1,6,1
127,6,512,128,20,0.05,100,True,GRU,0.2,1,200,30,weights,TomorrowTILBasic,0.001,1,6,2
181,13,256,256,20,0.05,None,True,LSTM,0.2,1,200,30,weights,TomorrowTILBasic,0.001,1,6,2
301,6,1024,128,20,None,None,True,GRU,0.2,1,200,30,weights,TomorrowTILBasic,0.001,1,6,2
304,6,1024,128,20,0.05,100,True,GRU,0.2,1,200,30,weights,TomorrowTILBasic,0.001,1,6,2
306,6,1024,256,20,None,100,True,GRU,0.2,1,200,30,weights,TomorrowTILBasic,0.001,1,6,2
332,13,1024,256,20,0.05,100,True,GRU,0.2,1,200,30,weights,TomorrowTILBasic,0.001,1,6,2
127,6,512,128,20,0.05,100,True,GRU,0.2,1,200,30,weights,TomorrowTILBasic,0.001,1,6,3
181,13,256,256,20,0.05,None,True,LSTM,0.2,1,200,30,weights,TomorrowTILBasic,0.001,1,6,3
301,6,1024,128,20,None,None,True,GRU,0.2,1,200,30,weights,TomorrowTILBasic,0.001,1,6,3
304,6,1024,128,20,0.05,100,True,GRU,0.2,1,200,30,weights,TomorrowTILBasic,0.001,1,6,3
306,6,1024,256,20,None,100,True,GRU,0.2,1,200,30,weights,TomorrowTILBasic,0.001,1,6,3
332,13,1024,256,20,0.05,100,True,GRU,0.2,1,200,30,weights,TomorrowTILBasic,0.001,1,6,3
127,6,512,128,20,0.05,100,True,GRU,0.2,1,200,30,weights,TomorrowTILBasic,0.001,1,6,4
181,13,256,256,20,0.05,None,True,LSTM,0.2,1,200,30,weights,TomorrowTILBasic,0.001,1,6,4
301,6,1024,128,20,None,None,True,GRU,0.2,1,200,30,weights,TomorrowTILBasic,0.001,1,6,4
304,6,1024,128,20,0.05,100,True,GRU,0.2,1,200,30,weights,TomorrowTILBasic,0.001,1,6,4
306,6,1024,256,20,None,100,True,GRU,0.2,1,200,30,weights,TomorrowTILBasic,0.001,1,6,4
332,13,1024,256,20,0.05,100,True,GRU,0.2,1,200,30,weights,TomorrowTILBasic,0.001,1,6,4
127,6,512,128,20,0.05,100,True,GRU,0.2,1,200,30,weights,TomorrowTILBasic,0.001,1,6,5
181,13,256,256,20,0.05,None,True,LSTM,0.2,1,200,30,weights,TomorrowTILBasic,0.001,1,6,5
301,6,1024,128,20,None,None,True,GRU,0.2,1,200,30,weights,TomorrowTILBasic,0.001,1,6,5
304,6,1024,128,20,0.05,100,True,GRU,0.2,1,200,30,weights,TomorrowTILBasic,0.001,1,6,5
306,6,1024,256,20,None,100,True,GRU,0.2,1,200,30,weights,TomorrowTILBasic,0.001,1,6,5
332,13,1024,256,20,0.05,100,True,GRU,0.2,1,200,30,weights,TomorrowTILBasic,0.001,1,6,5
127,6,512,128,20,0.05,100,True,GRU,0.2,1,200,30,weights,TomorrowTILBasic,0.001,1,7,1
181,13,256,256,20,0.05,None,True,LSTM,0.2,1,200,30,weights,TomorrowTILBasic,0.001,1,7,1
301,6,1024,128,20,None,None,True,GRU,0.2,1,200,30,weights,TomorrowTILBasic,0.001,1,7,1
304,6,1024,128,20,0.05,100,True,GRU,0.2,1,200,30,weights,TomorrowTILBasic,0.001,1,7,1
306,6,1024,256,20,None,100,True,GRU,0.2,1,200,30,weights,TomorrowTILBasic,0.001,1,7,1
332,13,1024,256,20,0.05,100,True,GRU,0.2,1,200,30,weights,TomorrowTILBasic,0.001,1,7,1
127,6,512,128,20,0.05,100,True,GRU,0.2,1,200,30,weights,TomorrowTILBasic,0.001,1,7,2
181,13,256,256,20,0.05,None,True,LSTM,0.2,1,200,30,weights,TomorrowTILBasic,0.001,1,7,2
301,6,1024,128,20,None,None,True,GRU,0.2,1,200,30,weights,TomorrowTILBasic,0.001,1,7,2
304,6,1024,128,20,0.05,100,True,GRU,0.2,1,200,30,weights,TomorrowTILBasic,0.001,1,7,2
306,6,1024,256,20,None,100,True,GRU,0.2,1,200,30,weights,TomorrowTILBasic,0.001,1,7,2
332,13,1024,256,20,0.05,100,True,GRU,0.2,1,200,30,weights,TomorrowTILBasic,0.001,1,7,2
127,6,512,128,20,0.05,100,True,GRU,0.2,1,200,30,weights,TomorrowTILBasic,0.001,1,7,3
181,13,256,256,20,0.05,None,True,LSTM,0.2,1,200,30,weights,TomorrowTILBasic,0.001,1,7,3
301,6,1024,128,20,None,None,True,GRU,0.2,1,200,30,weights,TomorrowTILBasic,0.001,1,7,3
304,6,1024,128,20,0.05,100,True,GRU,0.2,1,200,30,weights,TomorrowTILBasic,0.001,1,7,3
306,6,1024,256,20,None,100,True,GRU,0.2,1,200,30,weights,TomorrowTILBasic,0.001,1,7,3
332,13,1024,256,20,0.05,100,True,GRU,0.2,1,200,30,weights,TomorrowTILBasic,0.001,1,7,3
127,6,512,128,20,0.05,100,True,GRU,0.2,1,200,30,weights,TomorrowTILBasic,0.001,1,7,4
181,13,256,256,20,0.05,None,True,LSTM,0.2,1,200,30,weights,TomorrowTILBasic,0.001,1,7,4
301,6,1024,128,20,None,None,True,GRU,0.2,1,200,30,weights,TomorrowTILBasic,0.001,1,7,4
304,6,1024,128,20,0.05,100,True,GRU,0.2,1,200,30,weights,TomorrowTILBasic,0.001,1,7,4
306,6,1024,256,20,None,100,True,GRU,0.2,1,200,30,weights,TomorrowTILBasic,0.001,1,7,4
332,13,1024,256,20,0.05,100,True,GRU,0.2,1,200,30,weights,TomorrowTILBasic,0.001,1,7,4
127,6,512,128,20,0.05,100,True,GRU,0.2,1,200,30,weights,TomorrowTILBasic,0.001,1,7,5
181,13,256,256,20,0.05,None,True,LSTM,0.2,1,200,30,weights,TomorrowTILBasic,0.001,1,7,5
301,6,1024,128,20,None,None,True,GRU,0.2,1,200,30,weights,TomorrowTILBasic,0.001,1,7,5
304,6,1024,128,20,0.05,100,True,GRU,0.2,1,200,30,weights,TomorrowTILBasic,0.001,1,7,5
306,6,1024,256,20,None,100,True,GRU,0.2,1,200,30,weights,TomorrowTILBasic,0.001,1,7,5
332,13,1024,256,20,0.05,100,True,GRU,0.2,1,200,30,weights,TomorrowTILBasic,0.001,1,7,5
127,6,512,128,20,0.05,100,True,GRU,0.2,1,200,30,weights,TomorrowTILBasic,0.001,1,8,1
181,13,256,256,20,0.05,None,True,LSTM,0.2,1,200,30,weights,TomorrowTILBasic,0.001,1,8,1
301,6,1024,128,20,None,None,True,GRU,0.2,1,200,30,weights,TomorrowTILBasic,0.001,1,8,1
304,6,1024,128,20,0.05,100,True,GRU,0.2,1,200,30,weights,TomorrowTILBasic,0.001,1,8,1
306,6,1024,256,20,None,100,True,GRU,0.2,1,200,30,weights,TomorrowTILBasic,0.001,1,8,1
332,13,1024,256,20,0.05,100,True,GRU,0.2,1,200,30,weights,TomorrowTILBasic,0.001,1,8,1
127,6,512,128,20,0.05,100,True,GRU,0.2,1,200,30,weights,TomorrowTILBasic,0.001,1,8,2
181,13,256,256,20,0.05,None,True,LSTM,0.2,1,200,30,weights,TomorrowTILBasic,0.001,1,8,2
301,6,1024,128,20,None,None,True,GRU,0.2,1,200,30,weights,TomorrowTILBasic,0.001,1,8,2
304,6,1024,128,20,0.05,100,True,GRU,0.2,1,200,30,weights,TomorrowTILBasic,0.001,1,8,2
306,6,1024,256,20,None,100,True,GRU,0.2,1,200,30,weights,TomorrowTILBasic,0.001,1,8,2
332,13,1024,256,20,0.05,100,True,GRU,0.2,1,200,30,weights,TomorrowTILBasic,0.001,1,8,2
127,6,512,128,20,0.05,100,True,GRU,0.2,1,200,30,weights,TomorrowTILBasic,0.001,1,8,3
181,13,256,256,20,0.05,None,True,LSTM,0.2,1,200,30,weights,TomorrowTILBasic,0.001,1,8,3
301,6,1024,128,20,None,None,True,GRU,0.2,1,200,30,weights,TomorrowTILBasic,0.001,1,8,3
304,6,1024,128,20,0.05,100,True,GRU,0.2,1,200,30,weights,TomorrowTILBasic,0.001,1,8,3
306,6,1024,256,20,None,100,True,GRU,0.2,1,200,30,weights,TomorrowTILBasic,0.001,1,8,3
332,13,1024,256,20,0.05,100,True,GRU,0.2,1,200,30,weights,TomorrowTILBasic,0.001,1,8,3
127,6,512,128,20,0.05,100,True,GRU,0.2,1,200,30,weights,TomorrowTILBasic,0.001,1,8,4
181,13,256,256,20,0.05,None,True,LSTM,0.2,1,200,30,weights,TomorrowTILBasic,0.001,1,8,4
301,6,1024,128,20,None,None,True,GRU,0.2,1,200,30,weights,TomorrowTILBasic,0.001,1,8,4
304,6,1024,128,20,0.05,100,True,GRU,0.2,1,200,30,weights,TomorrowTILBasic,0.001,1,8,4
306,6,1024,256,20,None,100,True,GRU,0.2,1,200,30,weights,TomorrowTILBasic,0.001,1,8,4
332,13,1024,256,20,0.05,100,True,GRU,0.2,1,200,30,weights,TomorrowTILBasic,0.001,1,8,4
127,6,512,128,20,0.05,100,True,GRU,0.2,1,200,30,weights,TomorrowTILBasic,0.001,1,8,5
181,13,256,256,20,0.05,None,True,LSTM,0.2,1,200,30,weights,TomorrowTILBasic,0.001,1,8,5
301,6,1024,128,20,None,None,True,GRU,0.2,1,200,30,weights,TomorrowTILBasic,0.001,1,8,5
304,6,1024,128,20,0.05,100,True,GRU,0.2,1,200,30,weights,TomorrowTILBasic,0.001,1,8,5
306,6,1024,256,20,None,100,True,GRU,0.2,1,200,30,weights,TomorrowTILBasic,0.001,1,8,5
332,13,1024,256,20,0.05,100,True,GRU,0.2,1,200,30,weights,TomorrowTILBasic,0.001,1,8,5
127,6,512,128,20,0.05,100,True,GRU,0.2,1,200,30,weights,TomorrowTILBasic,0.001,1,9,1
181,13,256,256,20,0.05,None,True,LSTM,0.2,1,200,30,weights,TomorrowTILBasic,0.001,1,9,1
301,6,1024,128,20,None,None,True,GRU,0.2,1,200,30,weights,TomorrowTILBasic,0.001,1,9,1
304,6,1024,128,20,0.05,100,True,GRU,0.2,1,200,30,weights,TomorrowTILBasic,0.001,1,9,1
306,6,1024,256,20,None,100,True,GRU,0.2,1,200,30,weights,TomorrowTILBasic,0.001,1,9,1
332,13,1024,256,20,0.05,100,True,GRU,0.2,1,200,30,weights,TomorrowTILBasic,0.001,1,9,1
127,6,512,128,20,0.05,100,True,GRU,0.2,1,200,30,weights,TomorrowTILBasic,0.001,1,9,2
181,13,256,256,20,0.05,None,True,LSTM,0.2,1,200,30,weights,TomorrowTILBasic,0.001,1,9,2
301,6,1024,128,20,None,None,True,GRU,0.2,1,200,30,weights,TomorrowTILBasic,0.001,1,9,2
304,6,1024,128,20,0.05,100,True,GRU,0.2,1,200,30,weights,TomorrowTILBasic,0.001,1,9,2
306,6,1024,256,20,None,100,True,GRU,0.2,1,200,30,weights,TomorrowTILBasic,0.001,1,9,2
332,13,1024,256,20,0.05,100,True,GRU,0.2,1,200,30,weights,TomorrowTILBasic,0.001,1,9,2
127,6,512,128,20,0.05,100,True,GRU,0.2,1,200,30,weights,TomorrowTILBasic,0.001,1,9,3
181,13,256,256,20,0.05,None,True,LSTM,0.2,1,200,30,weights,TomorrowTILBasic,0.001,1,9,3
301,6,1024,128,20,None,None,True,GRU,0.2,1,200,30,weights,TomorrowTILBasic,0.001,1,9,3
304,6,1024,128,20,0.05,100,True,GRU,0.2,1,200,30,weights,TomorrowTILBasic,0.001,1,9,3
306,6,1024,256,20,None,100,True,GRU,0.2,1,200,30,weights,TomorrowTILBasic,0.001,1,9,3
332,13,1024,256,20,0.05,100,True,GRU,0.2,1,200,30,weights,TomorrowTILBasic,0.001,1,9,3
127,6,512,128,20,0.05,100,True,GRU,0.2,1,200,30,weights,TomorrowTILBasic,0.001,1,9,4
181,13,256,256,20,0.05,None,True,LSTM,0.2,1,200,30,weights,TomorrowTILBasic,0.001,1,9,4
301,6,1024,128,20,None,None,True,GRU,0.2,1,200,30,weights,TomorrowTILBasic,0.001,1,9,4
304,6,1024,128,20,0.05,100,True,GRU,0.2,1,200,30,weights,TomorrowTILBasic,0.001,1,9,4
306,6,1024,256,20,None,100,True,GRU,0.2,1,200,30,weights,TomorrowTILBasic,0.001,1,9,4
332,13,1024,256,20,0.05,100,True,GRU,0.2,1,200,30,weights,TomorrowTILBasic,0.001,1,9,4
127,6,512,128,20,0.05,100,True,GRU,0.2,1,200,30,weights,TomorrowTILBasic,0.001,1,9,5
181,13,256,256,20,0.05,None,True,LSTM,0.2,1,200,30,weights,TomorrowTILBasic,0.001,1,9,5
301,6,1024,128,20,None,None,True,GRU,0.2,1,200,30,weights,TomorrowTILBasic,0.001,1,9,5
304,6,1024,128,20,0.05,100,True,GRU,0.2,1,200,30,weights,TomorrowTILBasic,0.001,1,9,5
306,6,1024,256,20,None,100,True,GRU,0.2,1,200,30,weights,TomorrowTILBasic,0.001,1,9,5
332,13,1024,256,20,0.05,100,True,GRU,0.2,1,200,30,weights,TomorrowTILBasic,0.001,1,9,5
127,6,512,128,20,0.05,100,True,GRU,0.2,1,200,30,weights,TomorrowTILBasic,0.001,1,10,1
181,13,256,256,20,0.05,None,True,LSTM,0.2,1,200,30,weights,TomorrowTILBasic,0.001,1,10,1
301,6,1024,128,20,None,None,True,GRU,0.2,1,200,30,weights,TomorrowTILBasic,0.001,1,10,1
304,6,1024,128,20,0.05,100,True,GRU,0.2,1,200,30,weights,TomorrowTILBasic,0.001,1,10,1
306,6,1024,256,20,None,100,True,GRU,0.2,1,200,30,weights,TomorrowTILBasic,0.001,1,10,1
332,13,1024,256,20,0.05,100,True,GRU,0.2,1,200,30,weights,TomorrowTILBasic,0.001,1,10,1
127,6,512,128,20,0.05,100,True,GRU,0.2,1,200,30,weights,TomorrowTILBasic,0.001,1,10,2
181,13,256,256,20,0.05,None,True,LSTM,0.2,1,200,30,weights,TomorrowTILBasic,0.001,1,10,2
301,6,1024,128,20,None,None,True,GRU,0.2,1,200,30,weights,TomorrowTILBasic,0.001,1,10,2
304,6,1024,128,20,0.05,100,True,GRU,0.2,1,200,30,weights,TomorrowTILBasic,0.001,1,10,2
306,6,1024,256,20,None,100,True,GRU,0.2,1,200,30,weights,TomorrowTILBasic,0.001,1,10,2
332,13,1024,256,20,0.05,100,True,GRU,0.2,1,200,30,weights,TomorrowTILBasic,0.001,1,10,2
127,6,512,128,20,0.05,100,True,GRU,0.2,1,200,30,weights,TomorrowTILBasic,0.001,1,10,3
181,13,256,256,20,0.05,None,True,LSTM,0.2,1,200,30,weights,TomorrowTILBasic,0.001,1,10,3
301,6,1024,128,20,None,None,True,GRU,0.2,1,200,30,weights,TomorrowTILBasic,0.001,1,10,3
304,6,1024,128,20,0.05,100,True,GRU,0.2,1,200,30,weights,TomorrowTILBasic,0.001,1,10,3
306,6,1024,256,20,None,100,True,GRU,0.2,1,200,30,weights,TomorrowTILBasic,0.001,1,10,3
332,13,1024,256,20,0.05,100,True,GRU,0.2,1,200,30,weights,TomorrowTILBasic,0.001,1,10,3
127,6,512,128,20,0.05,100,True,GRU,0.2,1,200,30,weights,TomorrowTILBasic,0.001,1,10,4
181,13,256,256,20,0.05,None,True,LSTM,0.2,1,200,30,weights,TomorrowTILBasic,0.001,1,10,4
301,6,1024,128,20,None,None,True,GRU,0.2,1,200,30,weights,TomorrowTILBasic,0.001,1,10,4
304,6,1024,128,20,0.05,100,True,GRU,0.2,1,200,30,weights,TomorrowTILBasic,0.001,1,10,4
306,6,1024,256,20,None,100,True,GRU,0.2,1,200,30,weights,TomorrowTILBasic,0.001,1,10,4
332,13,1024,256,20,0.05,100,True,GRU,0.2,1,200,30,weights,TomorrowTILBasic,0.001,1,10,4
127,6,512,128,20,0.05,100,True,GRU,0.2,1,200,30,weights,TomorrowTILBasic,0.001,1,10,5
181,13,256,256,20,0.05,None,True,LSTM,0.2,1,200,30,weights,TomorrowTILBasic,0.001,1,10,5
301,6,1024,128,20,None,None,True,GRU,0.2,1,200,30,weights,TomorrowTILBasic,0.001,1,10,5
304,6,1024,128,20,0.05,100,True,GRU,0.2,1,200,30,weights,TomorrowTILBasic,0.001,1,10,5
306,6,1024,256,20,None,100,True,GRU,0.2,1,200,30,weights,TomorrowTILBasic,0.001,1,10,5
332,13,1024,256,20,0.05,100,True,GRU,0.2,1,200,30,weights,TomorrowTILBasic,0.001,1,10,5
127,6,512,128,20,0.05,100,True,GRU,0.2,1,200,30,weights,TomorrowTILBasic,0.001,1,11,1
181,13,256,256,20,0.05,None,True,LSTM,0.2,1,200,30,weights,TomorrowTILBasic,0.001,1,11,1
301,6,1024,128,20,None,None,True,GRU,0.2,1,200,30,weights,TomorrowTILBasic,0.001,1,11,1
304,6,1024,128,20,0.05,100,True,GRU,0.2,1,200,30,weights,TomorrowTILBasic,0.001,1,11,1
306,6,1024,256,20,None,100,True,GRU,0.2,1,200,30,weights,TomorrowTILBasic,0.001,1,11,1
332,13,1024,256,20,0.05,100,True,GRU,0.2,1,200,30,weights,TomorrowTILBasic,0.001,1,11,1
127,6,512,128,20,0.05,100,True,GRU,0.2,1,200,30,weights,TomorrowTILBasic,0.001,1,11,2
181,13,256,256,20,0.05,None,True,LSTM,0.2,1,200,30,weights,TomorrowTILBasic,0.001,1,11,2
301,6,1024,128,20,None,None,True,GRU,0.2,1,200,30,weights,TomorrowTILBasic,0.001,1,11,2
304,6,1024,128,20,0.05,100,True,GRU,0.2,1,200,30,weights,TomorrowTILBasic,0.001,1,11,2
306,6,1024,256,20,None,100,True,GRU,0.2,1,200,30,weights,TomorrowTILBasic,0.001,1,11,2
332,13,1024,256,20,0.05,100,True,GRU,0.2,1,200,30,weights,TomorrowTILBasic,0.001,1,11,2
127,6,512,128,20,0.05,100,True,GRU,0.2,1,200,30,weights,TomorrowTILBasic,0.001,1,11,3
181,13,256,256,20,0.05,None,True,LSTM,0.2,1,200,30,weights,TomorrowTILBasic,0.001,1,11,3
301,6,1024,128,20,None,None,True,GRU,0.2,1,200,30,weights,TomorrowTILBasic,0.001,1,11,3
304,6,1024,128,20,0.05,100,True,GRU,0.2,1,200,30,weights,TomorrowTILBasic,0.001,1,11,3
306,6,1024,256,20,None,100,True,GRU,0.2,1,200,30,weights,TomorrowTILBasic,0.001,1,11,3
332,13,1024,256,20,0.05,100,True,GRU,0.2,1,200,30,weights,TomorrowTILBasic,0.001,1,11,3
127,6,512,128,20,0.05,100,True,GRU,0.2,1,200,30,weights,TomorrowTILBasic,0.001,1,11,4
181,13,256,256,20,0.05,None,True,LSTM,0.2,1,200,30,weights,TomorrowTILBasic,0.001,1,11,4
301,6,1024,128,20,None,None,True,GRU,0.2,1,200,30,weights,TomorrowTILBasic,0.001,1,11,4
304,6,1024,128,20,0.05,100,True,GRU,0.2,1,200,30,weights,TomorrowTILBasic,0.001,1,11,4
306,6,1024,256,20,None,100,True,GRU,0.2,1,200,30,weights,TomorrowTILBasic,0.001,1,11,4
332,13,1024,256,20,0.05,100,True,GRU,0.2,1,200,30,weights,TomorrowTILBasic,0.001,1,11,4
127,6,512,128,20,0.05,100,True,GRU,0.2,1,200,30,weights,TomorrowTILBasic,0.001,1,11,5
181,13,256,256,20,0.05,None,True,LSTM,0.2,1,200,30,weights,TomorrowTILBasic,0.001,1,11,5
301,6,1024,128,20,None,None,True,GRU,0.2,1,200,30,weights,TomorrowTILBasic,0.001,1,11,5
304,6,1024,128,20,0.05,100,True,GRU,0.2,1,200,30,weights,TomorrowTILBasic,0.001,1,11,5
306,6,1024,256,20,None,100,True,GRU,0.2,1,200,30,weights,TomorrowTILBasic,0.001,1,11,5
332,13,1024,256,20,0.05,100,True,GRU,0.2,1,200,30,weights,TomorrowTILBasic,0.001,1,11,5
127,6,512,128,20,0.05,100,True,GRU,0.2,1,200,30,weights,TomorrowTILBasic,0.001,1,12,1
181,13,256,256,20,0.05,None,True,LSTM,0.2,1,200,30,weights,TomorrowTILBasic,0.001,1,12,1
301,6,1024,128,20,None,None,True,GRU,0.2,1,200,30,weights,TomorrowTILBasic,0.001,1,12,1
304,6,1024,128,20,0.05,100,True,GRU,0.2,1,200,30,weights,TomorrowTILBasic,0.001,1,12,1
306,6,1024,256,20,None,100,True,GRU,0.2,1,200,30,weights,TomorrowTILBasic,0.001,1,12,1
332,13,1024,256,20,0.05,100,True,GRU,0.2,1,200,30,weights,TomorrowTILBasic,0.001,1,12,1
127,6,512,128,20,0.05,100,True,GRU,0.2,1,200,30,weights,TomorrowTILBasic,0.001,1,12,2
181,13,256,256,20,0.05,None,True,LSTM,0.2,1,200,30,weights,TomorrowTILBasic,0.001,1,12,2
301,6,1024,128,20,None,None,True,GRU,0.2,1,200,30,weights,TomorrowTILBasic,0.001,1,12,2
304,6,1024,128,20,0.05,100,True,GRU,0.2,1,200,30,weights,TomorrowTILBasic,0.001,1,12,2
306,6,1024,256,20,None,100,True,GRU,0.2,1,200,30,weights,TomorrowTILBasic,0.001,1,12,2
332,13,1024,256,20,0.05,100,True,GRU,0.2,1,200,30,weights,TomorrowTILBasic,0.001,1,12,2
127,6,512,128,20,0.05,100,True,GRU,0.2,1,200,30,weights,TomorrowTILBasic,0.001,1,12,3
181,13,256,256,20,0.05,None,True,LSTM,0.2,1,200,30,weights,TomorrowTILBasic,0.001,1,12,3
301,6,1024,128,20,None,None,True,GRU,0.2,1,200,30,weights,TomorrowTILBasic,0.001,1,12,3
304,6,1024,128,20,0.05,100,True,GRU,0.2,1,200,30,weights,TomorrowTILBasic,0.001,1,12,3
306,6,1024,256,20,None,100,True,GRU,0.2,1,200,30,weights,TomorrowTILBasic,0.001,1,12,3
332,13,1024,256,20,0.05,100,True,GRU,0.2,1,200,30,weights,TomorrowTILBasic,0.001,1,12,3
127,6,512,128,20,0.05,100,True,GRU,0.2,1,200,30,weights,TomorrowTILBasic,0.001,1,12,4
181,13,256,256,20,0.05,None,True,LSTM,0.2,1,200,30,weights,TomorrowTILBasic,0.001,1,12,4
301,6,1024,128,20,None,None,True,GRU,0.2,1,200,30,weights,TomorrowTILBasic,0.001,1,12,4
304,6,1024,128,20,0.05,100,True,GRU,0.2,1,200,30,weights,TomorrowTILBasic,0.001,1,12,4
306,6,1024,256,20,None,100,True,GRU,0.2,1,200,30,weights,TomorrowTILBasic,0.001,1,12,4
332,13,1024,256,20,0.05,100,True,GRU,0.2,1,200,30,weights,TomorrowTILBasic,0.001,1,12,4
127,6,512,128,20,0.05,100,True,GRU,0.2,1,200,30,weights,TomorrowTILBasic,0.001,1,12,5
181,13,256,256,20,0.05,None,True,LSTM,0.2,1,200,30,weights,TomorrowTILBasic,0.001,1,12,5
301,6,1024,128,20,None,None,True,GRU,0.2,1,200,30,weights,TomorrowTILBasic,0.001,1,12,5
304,6,1024,128,20,0.05,100,True,GRU,0.2,1,200,30,weights,TomorrowTILBasic,0.001,1,12,5
306,6,1024,256,20,None,100,True,GRU,0.2,1,200,30,weights,TomorrowTILBasic,0.001,1,12,5
332,13,1024,256,20,0.05,100,True,GRU,0.2,1,200,30,weights,TomorrowTILBasic,0.001,1,12,5
127,6,512,128,20,0.05,100,True,GRU,0.2,1,200,30,weights,TomorrowTILBasic,0.001,1,13,1
181,13,256,256,20,0.05,None,True,LSTM,0.2,1,200,30,weights,TomorrowTILBasic,0.001,1,13,1
301,6,1024,128,20,None,None,True,GRU,0.2,1,200,30,weights,TomorrowTILBasic,0.001,1,13,1
304,6,1024,128,20,0.05,100,True,GRU,0.2,1,200,30,weights,TomorrowTILBasic,0.001,1,13,1
306,6,1024,256,20,None,100,True,GRU,0.2,1,200,30,weights,TomorrowTILBasic,0.001,1,13,1
332,13,1024,256,20,0.05,100,True,GRU,0.2,1,200,30,weights,TomorrowTILBasic,0.001,1,13,1
127,6,512,128,20,0.05,100,True,GRU,0.2,1,200,30,weights,TomorrowTILBasic,0.001,1,13,2
181,13,256,256,20,0.05,None,True,LSTM,0.2,1,200,30,weights,TomorrowTILBasic,0.001,1,13,2
301,6,1024,128,20,None,None,True,GRU,0.2,1,200,30,weights,TomorrowTILBasic,0.001,1,13,2
304,6,1024,128,20,0.05,100,True,GRU,0.2,1,200,30,weights,TomorrowTILBasic,0.001,1,13,2
306,6,1024,256,20,None,100,True,GRU,0.2,1,200,30,weights,TomorrowTILBasic,0.001,1,13,2
332,13,1024,256,20,0.05,100,True,GRU,0.2,1,200,30,weights,TomorrowTILBasic,0.001,1,13,2
127,6,512,128,20,0.05,100,True,GRU,0.2,1,200,30,weights,TomorrowTILBasic,0.001,1,13,3
181,13,256,256,20,0.05,None,True,LSTM,0.2,1,200,30,weights,TomorrowTILBasic,0.001,1,13,3
301,6,1024,128,20,None,None,True,GRU,0.2,1,200,30,weights,TomorrowTILBasic,0.001,1,13,3
304,6,1024,128,20,0.05,100,True,GRU,0.2,1,200,30,weights,TomorrowTILBasic,0.001,1,13,3
306,6,1024,256,20,None,100,True,GRU,0.2,1,200,30,weights,TomorrowTILBasic,0.001,1,13,3
332,13,1024,256,20,0.05,100,True,GRU,0.2,1,200,30,weights,TomorrowTILBasic,0.001,1,13,3
127,6,512,128,20,0.05,100,True,GRU,0.2,1,200,30,weights,TomorrowTILBasic,0.001,1,13,4
181,13,256,256,20,0.05,None,True,LSTM,0.2,1,200,30,weights,TomorrowTILBasic,0.001,1,13,4
301,6,1024,128,20,None,None,True,GRU,0.2,1,200,30,weights,TomorrowTILBasic,0.001,1,13,4
304,6,1024,128,20,0.05,100,True,GRU,0.2,1,200,30,weights,TomorrowTILBasic,0.001,1,13,4
306,6,1024,256,20,None,100,True,GRU,0.2,1,200,30,weights,TomorrowTILBasic,0.001,1,13,4
332,13,1024,256,20,0.05,100,True,GRU,0.2,1,200,30,weights,TomorrowTILBasic,0.001,1,13,4
127,6,512,128,20,0.05,100,True,GRU,0.2,1,200,30,weights,TomorrowTILBasic,0.001,1,13,5
181,13,256,256,20,0.05,None,True,LSTM,0.2,1,200,30,weights,TomorrowTILBasic,0.001,1,13,5
301,6,1024,128,20,None,None,True,GRU,0.2,1,200,30,weights,TomorrowTILBasic,0.001,1,13,5
304,6,1024,128,20,0.05,100,True,GRU,0.2,1,200,30,weights,TomorrowTILBasic,0.001,1,13,5
306,6,1024,256,20,None,100,True,GRU,0.2,1,200,30,weights,TomorrowTILBasic,0.001,1,13,5
332,13,1024,256,20,0.05,100,True,GRU,0.2,1,200,30,weights,TomorrowTILBasic,0.001,1,13,5
127,6,512,128,20,0.05,100,True,GRU,0.2,1,200,30,weights,TomorrowTILBasic,0.001,1,14,1
181,13,256,256,20,0.05,None,True,LSTM,0.2,1,200,30,weights,TomorrowTILBasic,0.001,1,14,1
301,6,1024,128,20,None,None,True,GRU,0.2,1,200,30,weights,TomorrowTILBasic,0.001,1,14,1
304,6,1024,128,20,0.05,100,True,GRU,0.2,1,200,30,weights,TomorrowTILBasic,0.001,1,14,1
306,6,1024,256,20,None,100,True,GRU,0.2,1,200,30,weights,TomorrowTILBasic,0.001,1,14,1
332,13,1024,256,20,0.05,100,True,GRU,0.2,1,200,30,weights,TomorrowTILBasic,0.001,1,14,1
127,6,512,128,20,0.05,100,True,GRU,0.2,1,200,30,weights,TomorrowTILBasic,0.001,1,14,2
181,13,256,256,20,0.05,None,True,LSTM,0.2,1,200,30,weights,TomorrowTILBasic,0.001,1,14,2
301,6,1024,128,20,None,None,True,GRU,0.2,1,200,30,weights,TomorrowTILBasic,0.001,1,14,2
304,6,1024,128,20,0.05,100,True,GRU,0.2,1,200,30,weights,TomorrowTILBasic,0.001,1,14,2
306,6,1024,256,20,None,100,True,GRU,0.2,1,200,30,weights,TomorrowTILBasic,0.001,1,14,2
332,13,1024,256,20,0.05,100,True,GRU,0.2,1,200,30,weights,TomorrowTILBasic,0.001,1,14,2
127,6,512,128,20,0.05,100,True,GRU,0.2,1,200,30,weights,TomorrowTILBasic,0.001,1,14,3
181,13,256,256,20,0.05,None,True,LSTM,0.2,1,200,30,weights,TomorrowTILBasic,0.001,1,14,3
301,6,1024,128,20,None,None,True,GRU,0.2,1,200,30,weights,TomorrowTILBasic,0.001,1,14,3
304,6,1024,128,20,0.05,100,True,GRU,0.2,1,200,30,weights,TomorrowTILBasic,0.001,1,14,3
306,6,1024,256,20,None,100,True,GRU,0.2,1,200,30,weights,TomorrowTILBasic,0.001,1,14,3
332,13,1024,256,20,0.05,100,True,GRU,0.2,1,200,30,weights,TomorrowTILBasic,0.001,1,14,3
127,6,512,128,20,0.05,100,True,GRU,0.2,1,200,30,weights,TomorrowTILBasic,0.001,1,14,4
181,13,256,256,20,0.05,None,True,LSTM,0.2,1,200,30,weights,TomorrowTILBasic,0.001,1,14,4
301,6,1024,128,20,None,None,True,GRU,0.2,1,200,30,weights,TomorrowTILBasic,0.001,1,14,4
304,6,1024,128,20,0.05,100,True,GRU,0.2,1,200,30,weights,TomorrowTILBasic,0.001,1,14,4
306,6,1024,256,20,None,100,True,GRU,0.2,1,200,30,weights,TomorrowTILBasic,0.001,1,14,4
332,13,1024,256,20,0.05,100,True,GRU,0.2,1,200,30,weights,TomorrowTILBasic,0.001,1,14,4
127,6,512,128,20,0.05,100,True,GRU,0.2,1,200,30,weights,TomorrowTILBasic,0.001,1,14,5
181,13,256,256,20,0.05,None,True,LSTM,0.2,1,200,30,weights,TomorrowTILBasic,0.001,1,14,5
301,6,1024,128,20,None,None,True,GRU,0.2,1,200,30,weights,TomorrowTILBasic,0.001,1,14,5
304,6,1024,128,20,0.05,100,True,GRU,0.2,1,200,30,weights,TomorrowTILBasic,0.001,1,14,5
306,6,1024,256,20,None,100,True,GRU,0.2,1,200,30,weights,TomorrowTILBasic,0.001,1,14,5
332,13,1024,256,20,0.05,100,True,GRU,0.2,1,200,30,weights,TomorrowTILBasic,0.001,1,14,5
127,6,512,128,20,0.05,100,True,GRU,0.2,1,200,30,weights,TomorrowTILBasic,0.001,1,15,1
181,13,256,256,20,0.05,None,True,LSTM,0.2,1,200,30,weights,TomorrowTILBasic,0.001,1,15,1
301,6,1024,128,20,None,None,True,GRU,0.2,1,200,30,weights,TomorrowTILBasic,0.001,1,15,1
304,6,1024,128,20,0.05,100,True,GRU,0.2,1,200,30,weights,TomorrowTILBasic,0.001,1,15,1
306,6,1024,256,20,None,100,True,GRU,0.2,1,200,30,weights,TomorrowTILBasic,0.001,1,15,1
332,13,1024,256,20,0.05,100,True,GRU,0.2,1,200,30,weights,TomorrowTILBasic,0.001,1,15,1
127,6,512,128,20,0.05,100,True,GRU,0.2,1,200,30,weights,TomorrowTILBasic,0.001,1,15,2
181,13,256,256,20,0.05,None,True,LSTM,0.2,1,200,30,weights,TomorrowTILBasic,0.001,1,15,2
301,6,1024,128,20,None,None,True,GRU,0.2,1,200,30,weights,TomorrowTILBasic,0.001,1,15,2
304,6,1024,128,20,0.05,100,True,GRU,0.2,1,200,30,weights,TomorrowTILBasic,0.001,1,15,2
306,6,1024,256,20,None,100,True,GRU,0.2,1,200,30,weights,TomorrowTILBasic,0.001,1,15,2
332,13,1024,256,20,0.05,100,True,GRU,0.2,1,200,30,weights,TomorrowTILBasic,0.001,1,15,2
127,6,512,128,20,0.05,100,True,GRU,0.2,1,200,30,weights,TomorrowTILBasic,0.001,1,15,3
181,13,256,256,20,0.05,None,True,LSTM,0.2,1,200,30,weights,TomorrowTILBasic,0.001,1,15,3
301,6,1024,128,20,None,None,True,GRU,0.2,1,200,30,weights,TomorrowTILBasic,0.001,1,15,3
304,6,1024,128,20,0.05,100,True,GRU,0.2,1,200,30,weights,TomorrowTILBasic,0.001,1,15,3
306,6,1024,256,20,None,100,True,GRU,0.2,1,200,30,weights,TomorrowTILBasic,0.001,1,15,3
332,13,1024,256,20,0.05,100,True,GRU,0.2,1,200,30,weights,TomorrowTILBasic,0.001,1,15,3
127,6,512,128,20,0.05,100,True,GRU,0.2,1,200,30,weights,TomorrowTILBasic,0.001,1,15,4
181,13,256,256,20,0.05,None,True,LSTM,0.2,1,200,30,weights,TomorrowTILBasic,0.001,1,15,4
301,6,1024,128,20,None,None,True,GRU,0.2,1,200,30,weights,TomorrowTILBasic,0.001,1,15,4
304,6,1024,128,20,0.05,100,True,GRU,0.2,1,200,30,weights,TomorrowTILBasic,0.001,1,15,4
306,6,1024,256,20,None,100,True,GRU,0.2,1,200,30,weights,TomorrowTILBasic,0.001,1,15,4
332,13,1024,256,20,0.05,100,True,GRU,0.2,1,200,30,weights,TomorrowTILBasic,0.001,1,15,4
127,6,512,128,20,0.05,100,True,GRU,0.2,1,200,30,weights,TomorrowTILBasic,0.001,1,15,5
181,13,256,256,20,0.05,None,True,LSTM,0.2,1,200,30,weights,TomorrowTILBasic,0.001,1,15,5
301,6,1024,128,20,None,None,True,GRU,0.2,1,200,30,weights,TomorrowTILBasic,0.001,1,15,5
304,6,1024,128,20,0.05,100,True,GRU,0.2,1,200,30,weights,TomorrowTILBasic,0.001,1,15,5
306,6,1024,256,20,None,100,True,GRU,0.2,1,200,30,weights,TomorrowTILBasic,0.001,1,15,5
332,13,1024,256,20,0.05,100,True,GRU,0.2,1,200,30,weights,TomorrowTILBasic,0.001,1,15,5
127,6,512,128,20,0.05,100,True,GRU,0.2,1,200,30,weights,TomorrowTILBasic,0.001,1,16,1
181,13,256,256,20,0.05,None,True,LSTM,0.2,1,200,30,weights,TomorrowTILBasic,0.001,1,16,1
301,6,1024,128,20,None,None,True,GRU,0.2,1,200,30,weights,TomorrowTILBasic,0.001,1,16,1
304,6,1024,128,20,0.05,100,True,GRU,0.2,1,200,30,weights,TomorrowTILBasic,0.001,1,16,1
306,6,1024,256,20,None,100,True,GRU,0.2,1,200,30,weights,TomorrowTILBasic,0.001,1,16,1
332,13,1024,256,20,0.05,100,True,GRU,0.2,1,200,30,weights,TomorrowTILBasic,0.001,1,16,1
127,6,512,128,20,0.05,100,True,GRU,0.2,1,200,30,weights,TomorrowTILBasic,0.001,1,16,2
181,13,256,256,20,0.05,None,True,LSTM,0.2,1,200,30,weights,TomorrowTILBasic,0.001,1,16,2
301,6,1024,128,20,None,None,True,GRU,0.2,1,200,30,weights,TomorrowTILBasic,0.001,1,16,2
304,6,1024,128,20,0.05,100,True,GRU,0.2,1,200,30,weights,TomorrowTILBasic,0.001,1,16,2
306,6,1024,256,20,None,100,True,GRU,0.2,1,200,30,weights,TomorrowTILBasic,0.001,1,16,2
332,13,1024,256,20,0.05,100,True,GRU,0.2,1,200,30,weights,TomorrowTILBasic,0.001,1,16,2
127,6,512,128,20,0.05,100,True,GRU,0.2,1,200,30,weights,TomorrowTILBasic,0.001,1,16,3
181,13,256,256,20,0.05,None,True,LSTM,0.2,1,200,30,weights,TomorrowTILBasic,0.001,1,16,3
301,6,1024,128,20,None,None,True,GRU,0.2,1,200,30,weights,TomorrowTILBasic,0.001,1,16,3
304,6,1024,128,20,0.05,100,True,GRU,0.2,1,200,30,weights,TomorrowTILBasic,0.001,1,16,3
306,6,1024,256,20,None,100,True,GRU,0.2,1,200,30,weights,TomorrowTILBasic,0.001,1,16,3
332,13,1024,256,20,0.05,100,True,GRU,0.2,1,200,30,weights,TomorrowTILBasic,0.001,1,16,3
127,6,512,128,20,0.05,100,True,GRU,0.2,1,200,30,weights,TomorrowTILBasic,0.001,1,16,4
181,13,256,256,20,0.05,None,True,LSTM,0.2,1,200,30,weights,TomorrowTILBasic,0.001,1,16,4
301,6,1024,128,20,None,None,True,GRU,0.2,1,200,30,weights,TomorrowTILBasic,0.001,1,16,4
304,6,1024,128,20,0.05,100,True,GRU,0.2,1,200,30,weights,TomorrowTILBasic,0.001,1,16,4
306,6,1024,256,20,None,100,True,GRU,0.2,1,200,30,weights,TomorrowTILBasic,0.001,1,16,4
332,13,1024,256,20,0.05,100,True,GRU,0.2,1,200,30,weights,TomorrowTILBasic,0.001,1,16,4
127,6,512,128,20,0.05,100,True,GRU,0.2,1,200,30,weights,TomorrowTILBasic,0.001,1,16,5
181,13,256,256,20,0.05,None,True,LSTM,0.2,1,200,30,weights,TomorrowTILBasic,0.001,1,16,5
301,6,1024,128,20,None,None,True,GRU,0.2,1,200,30,weights,TomorrowTILBasic,0.001,1,16,5
304,6,1024,128,20,0.05,100,True,GRU,0.2,1,200,30,weights,TomorrowTILBasic,0.001,1,16,5
306,6,1024,256,20,None,100,True,GRU,0.2,1,200,30,weights,TomorrowTILBasic,0.001,1,16,5
332,13,1024,256,20,0.05,100,True,GRU,0.2,1,200,30,weights,TomorrowTILBasic,0.001,1,16,5
127,6,512,128,20,0.05,100,True,GRU,0.2,1,200,30,weights,TomorrowTILBasic,0.001,1,17,1
181,13,256,256,20,0.05,None,True,LSTM,0.2,1,200,30,weights,TomorrowTILBasic,0.001,1,17,1
301,6,1024,128,20,None,None,True,GRU,0.2,1,200,30,weights,TomorrowTILBasic,0.001,1,17,1
304,6,1024,128,20,0.05,100,True,GRU,0.2,1,200,30,weights,TomorrowTILBasic,0.001,1,17,1
306,6,1024,256,20,None,100,True,GRU,0.2,1,200,30,weights,TomorrowTILBasic,0.001,1,17,1
332,13,1024,256,20,0.05,100,True,GRU,0.2,1,200,30,weights,TomorrowTILBasic,0.001,1,17,1
127,6,512,128,20,0.05,100,True,GRU,0.2,1,200,30,weights,TomorrowTILBasic,0.001,1,17,2
181,13,256,256,20,0.05,None,True,LSTM,0.2,1,200,30,weights,TomorrowTILBasic,0.001,1,17,2
301,6,1024,128,20,None,None,True,GRU,0.2,1,200,30,weights,TomorrowTILBasic,0.001,1,17,2
304,6,1024,128,20,0.05,100,True,GRU,0.2,1,200,30,weights,TomorrowTILBasic,0.001,1,17,2
306,6,1024,256,20,None,100,True,GRU,0.2,1,200,30,weights,TomorrowTILBasic,0.001,1,17,2
332,13,1024,256,20,0.05,100,True,GRU,0.2,1,200,30,weights,TomorrowTILBasic,0.001,1,17,2
127,6,512,128,20,0.05,100,True,GRU,0.2,1,200,30,weights,TomorrowTILBasic,0.001,1,17,3
181,13,256,256,20,0.05,None,True,LSTM,0.2,1,200,30,weights,TomorrowTILBasic,0.001,1,17,3
301,6,1024,128,20,None,None,True,GRU,0.2,1,200,30,weights,TomorrowTILBasic,0.001,1,17,3
304,6,1024,128,20,0.05,100,True,GRU,0.2,1,200,30,weights,TomorrowTILBasic,0.001,1,17,3
306,6,1024,256,20,None,100,True,GRU,0.2,1,200,30,weights,TomorrowTILBasic,0.001,1,17,3
332,13,1024,256,20,0.05,100,True,GRU,0.2,1,200,30,weights,TomorrowTILBasic,0.001,1,17,3
127,6,512,128,20,0.05,100,True,GRU,0.2,1,200,30,weights,TomorrowTILBasic,0.001,1,17,4
181,13,256,256,20,0.05,None,True,LSTM,0.2,1,200,30,weights,TomorrowTILBasic,0.001,1,17,4
301,6,1024,128,20,None,None,True,GRU,0.2,1,200,30,weights,TomorrowTILBasic,0.001,1,17,4
304,6,1024,128,20,0.05,100,True,GRU,0.2,1,200,30,weights,TomorrowTILBasic,0.001,1,17,4
306,6,1024,256,20,None,100,True,GRU,0.2,1,200,30,weights,TomorrowTILBasic,0.001,1,17,4
332,13,1024,256,20,0.05,100,True,GRU,0.2,1,200,30,weights,TomorrowTILBasic,0.001,1,17,4
127,6,512,128,20,0.05,100,True,GRU,0.2,1,200,30,weights,TomorrowTILBasic,0.001,1,17,5
181,13,256,256,20,0.05,None,True,LSTM,0.2,1,200,30,weights,TomorrowTILBasic,0.001,1,17,5
301,6,1024,128,20,None,None,True,GRU,0.2,1,200,30,weights,TomorrowTILBasic,0.001,1,17,5
304,6,1024,128,20,0.05,100,True,GRU,0.2,1,200,30,weights,TomorrowTILBasic,0.001,1,17,5
306,6,1024,256,20,None,100,True,GRU,0.2,1,200,30,weights,TomorrowTILBasic,0.001,1,17,5
332,13,1024,256,20,0.05,100,True,GRU,0.2,1,200,30,weights,TomorrowTILBasic,0.001,1,17,5
127,6,512,128,20,0.05,100,True,GRU,0.2,1,200,30,weights,TomorrowTILBasic,0.001,1,18,1
181,13,256,256,20,0.05,None,True,LSTM,0.2,1,200,30,weights,TomorrowTILBasic,0.001,1,18,1
301,6,1024,128,20,None,None,True,GRU,0.2,1,200,30,weights,TomorrowTILBasic,0.001,1,18,1
304,6,1024,128,20,0.05,100,True,GRU,0.2,1,200,30,weights,TomorrowTILBasic,0.001,1,18,1
306,6,1024,256,20,None,100,True,GRU,0.2,1,200,30,weights,TomorrowTILBasic,0.001,1,18,1
332,13,1024,256,20,0.05,100,True,GRU,0.2,1,200,30,weights,TomorrowTILBasic,0.001,1,18,1
127,6,512,128,20,0.05,100,True,GRU,0.2,1,200,30,weights,TomorrowTILBasic,0.001,1,18,2
181,13,256,256,20,0.05,None,True,LSTM,0.2,1,200,30,weights,TomorrowTILBasic,0.001,1,18,2
301,6,1024,128,20,None,None,True,GRU,0.2,1,200,30,weights,TomorrowTILBasic,0.001,1,18,2
304,6,1024,128,20,0.05,100,True,GRU,0.2,1,200,30,weights,TomorrowTILBasic,0.001,1,18,2
306,6,1024,256,20,None,100,True,GRU,0.2,1,200,30,weights,TomorrowTILBasic,0.001,1,18,2
332,13,1024,256,20,0.05,100,True,GRU,0.2,1,200,30,weights,TomorrowTILBasic,0.001,1,18,2
127,6,512,128,20,0.05,100,True,GRU,0.2,1,200,30,weights,TomorrowTILBasic,0.001,1,18,3
181,13,256,256,20,0.05,None,True,LSTM,0.2,1,200,30,weights,TomorrowTILBasic,0.001,1,18,3
301,6,1024,128,20,None,None,True,GRU,0.2,1,200,30,weights,TomorrowTILBasic,0.001,1,18,3
304,6,1024,128,20,0.05,100,True,GRU,0.2,1,200,30,weights,TomorrowTILBasic,0.001,1,18,3
306,6,1024,256,20,None,100,True,GRU,0.2,1,200,30,weights,TomorrowTILBasic,0.001,1,18,3
332,13,1024,256,20,0.05,100,True,GRU,0.2,1,200,30,weights,TomorrowTILBasic,0.001,1,18,3
127,6,512,128,20,0.05,100,True,GRU,0.2,1,200,30,weights,TomorrowTILBasic,0.001,1,18,4
181,13,256,256,20,0.05,None,True,LSTM,0.2,1,200,30,weights,TomorrowTILBasic,0.001,1,18,4
301,6,1024,128,20,None,None,True,GRU,0.2,1,200,30,weights,TomorrowTILBasic,0.001,1,18,4
304,6,1024,128,20,0.05,100,True,GRU,0.2,1,200,30,weights,TomorrowTILBasic,0.001,1,18,4
306,6,1024,256,20,None,100,True,GRU,0.2,1,200,30,weights,TomorrowTILBasic,0.001,1,18,4
332,13,1024,256,20,0.05,100,True,GRU,0.2,1,200,30,weights,TomorrowTILBasic,0.001,1,18,4
127,6,512,128,20,0.05,100,True,GRU,0.2,1,200,30,weights,TomorrowTILBasic,0.001,1,18,5
181,13,256,256,20,0.05,None,True,LSTM,0.2,1,200,30,weights,TomorrowTILBasic,0.001,1,18,5
301,6,1024,128,20,None,None,True,GRU,0.2,1,200,30,weights,TomorrowTILBasic,0.001,1,18,5
304,6,1024,128,20,0.05,100,True,GRU,0.2,1,200,30,weights,TomorrowTILBasic,0.001,1,18,5
306,6,1024,256,20,None,100,True,GRU,0.2,1,200,30,weights,TomorrowTILBasic,0.001,1,18,5
332,13,1024,256,20,0.05,100,True,GRU,0.2,1,200,30,weights,TomorrowTILBasic,0.001,1,18,5
127,6,512,128,20,0.05,100,True,GRU,0.2,1,200,30,weights,TomorrowTILBasic,0.001,1,19,1
181,13,256,256,20,0.05,None,True,LSTM,0.2,1,200,30,weights,TomorrowTILBasic,0.001,1,19,1
301,6,1024,128,20,None,None,True,GRU,0.2,1,200,30,weights,TomorrowTILBasic,0.001,1,19,1
304,6,1024,128,20,0.05,100,True,GRU,0.2,1,200,30,weights,TomorrowTILBasic,0.001,1,19,1
306,6,1024,256,20,None,100,True,GRU,0.2,1,200,30,weights,TomorrowTILBasic,0.001,1,19,1
332,13,1024,256,20,0.05,100,True,GRU,0.2,1,200,30,weights,TomorrowTILBasic,0.001,1,19,1
127,6,512,128,20,0.05,100,True,GRU,0.2,1,200,30,weights,TomorrowTILBasic,0.001,1,19,2
181,13,256,256,20,0.05,None,True,LSTM,0.2,1,200,30,weights,TomorrowTILBasic,0.001,1,19,2
301,6,1024,128,20,None,None,True,GRU,0.2,1,200,30,weights,TomorrowTILBasic,0.001,1,19,2
304,6,1024,128,20,0.05,100,True,GRU,0.2,1,200,30,weights,TomorrowTILBasic,0.001,1,19,2
306,6,1024,256,20,None,100,True,GRU,0.2,1,200,30,weights,TomorrowTILBasic,0.001,1,19,2
332,13,1024,256,20,0.05,100,True,GRU,0.2,1,200,30,weights,TomorrowTILBasic,0.001,1,19,2
127,6,512,128,20,0.05,100,True,GRU,0.2,1,200,30,weights,TomorrowTILBasic,0.001,1,19,3
181,13,256,256,20,0.05,None,True,LSTM,0.2,1,200,30,weights,TomorrowTILBasic,0.001,1,19,3
301,6,1024,128,20,None,None,True,GRU,0.2,1,200,30,weights,TomorrowTILBasic,0.001,1,19,3
304,6,1024,128,20,0.05,100,True,GRU,0.2,1,200,30,weights,TomorrowTILBasic,0.001,1,19,3
306,6,1024,256,20,None,100,True,GRU,0.2,1,200,30,weights,TomorrowTILBasic,0.001,1,19,3
332,13,1024,256,20,0.05,100,True,GRU,0.2,1,200,30,weights,TomorrowTILBasic,0.001,1,19,3
127,6,512,128,20,0.05,100,True,GRU,0.2,1,200,30,weights,TomorrowTILBasic,0.001,1,19,4
181,13,256,256,20,0.05,None,True,LSTM,0.2,1,200,30,weights,TomorrowTILBasic,0.001,1,19,4
301,6,1024,128,20,None,None,True,GRU,0.2,1,200,30,weights,TomorrowTILBasic,0.001,1,19,4
304,6,1024,128,20,0.05,100,True,GRU,0.2,1,200,30,weights,TomorrowTILBasic,0.001,1,19,4
306,6,1024,256,20,None,100,True,GRU,0.2,1,200,30,weights,TomorrowTILBasic,0.001,1,19,4
332,13,1024,256,20,0.05,100,True,GRU,0.2,1,200,30,weights,TomorrowTILBasic,0.001,1,19,4
127,6,512,128,20,0.05,100,True,GRU,0.2,1,200,30,weights,TomorrowTILBasic,0.001,1,19,5
181,13,256,256,20,0.05,None,True,LSTM,0.2,1,200,30,weights,TomorrowTILBasic,0.001,1,19,5
301,6,1024,128,20,None,None,True,GRU,0.2,1,200,30,weights,TomorrowTILBasic,0.001,1,19,5
304,6,1024,128,20,0.05,100,True,GRU,0.2,1,200,30,weights,TomorrowTILBasic,0.001,1,19,5
306,6,1024,256,20,None,100,True,GRU,0.2,1,200,30,weights,TomorrowTILBasic,0.001,1,19,5
332,13,1024,256,20,0.05,100,True,GRU,0.2,1,200,30,weights,TomorrowTILBasic,0.001,1,19,5
127,6,512,128,20,0.05,100,True,GRU,0.2,1,200,30,weights,TomorrowTILBasic,0.001,1,20,1
181,13,256,256,20,0.05,None,True,LSTM,0.2,1,200,30,weights,TomorrowTILBasic,0.001,1,20,1
301,6,1024,128,20,None,None,True,GRU,0.2,1,200,30,weights,TomorrowTILBasic,0.001,1,20,1
304,6,1024,128,20,0.05,100,True,GRU,0.2,1,200,30,weights,TomorrowTILBasic,0.001,1,20,1
306,6,1024,256,20,None,100,True,GRU,0.2,1,200,30,weights,TomorrowTILBasic,0.001,1,20,1
332,13,1024,256,20,0.05,100,True,GRU,0.2,1,200,30,weights,TomorrowTILBasic,0.001,1,20,1
127,6,512,128,20,0.05,100,True,GRU,0.2,1,200,30,weights,TomorrowTILBasic,0.001,1,20,2
181,13,256,256,20,0.05,None,True,LSTM,0.2,1,200,30,weights,TomorrowTILBasic,0.001,1,20,2
301,6,1024,128,20,None,None,True,GRU,0.2,1,200,30,weights,TomorrowTILBasic,0.001,1,20,2
304,6,1024,128,20,0.05,100,True,GRU,0.2,1,200,30,weights,TomorrowTILBasic,0.001,1,20,2
306,6,1024,256,20,None,100,True,GRU,0.2,1,200,30,weights,TomorrowTILBasic,0.001,1,20,2
332,13,1024,256,20,0.05,100,True,GRU,0.2,1,200,30,weights,TomorrowTILBasic,0.001,1,20,2
127,6,512,128,20,0.05,100,True,GRU,0.2,1,200,30,weights,TomorrowTILBasic,0.001,1,20,3
181,13,256,256,20,0.05,None,True,LSTM,0.2,1,200,30,weights,TomorrowTILBasic,0.001,1,20,3
301,6,1024,128,20,None,None,True,GRU,0.2,1,200,30,weights,TomorrowTILBasic,0.001,1,20,3
304,6,1024,128,20,0.05,100,True,GRU,0.2,1,200,30,weights,TomorrowTILBasic,0.001,1,20,3
306,6,1024,256,20,None,100,True,GRU,0.2,1,200,30,weights,TomorrowTILBasic,0.001,1,20,3
332,13,1024,256,20,0.05,100,True,GRU,0.2,1,200,30,weights,TomorrowTILBasic,0.001,1,20,3
127,6,512,128,20,0.05,100,True,GRU,0.2,1,200,30,weights,TomorrowTILBasic,0.001,1,20,4
181,13,256,256,20,0.05,None,True,LSTM,0.2,1,200,30,weights,TomorrowTILBasic,0.001,1,20,4
301,6,1024,128,20,None,None,True,GRU,0.2,1,200,30,weights,TomorrowTILBasic,0.001,1,20,4
304,6,1024,128,20,0.05,100,True,GRU,0.2,1,200,30,weights,TomorrowTILBasic,0.001,1,20,4
306,6,1024,256,20,None,100,True,GRU,0.2,1,200,30,weights,TomorrowTILBasic,0.001,1,20,4
332,13,1024,256,20,0.05,100,True,GRU,0.2,1,200,30,weights,TomorrowTILBasic,0.001,1,20,4
127,6,512,128,20,0.05,100,True,GRU,0.2,1,200,30,weights,TomorrowTILBasic,0.001,1,20,5
181,13,256,256,20,0.05,None,True,LSTM,0.2,1,200,30,weights,TomorrowTILBasic,0.001,1,20,5
301,6,1024,128,20,None,None,True,GRU,0.2,1,200,30,weights,TomorrowTILBasic,0.001,1,20,5
304,6,1024,128,20,0.05,100,True,GRU,0.2,1,200,30,weights,TomorrowTILBasic,0.001,1,20,5
306,6,1024,256,20,None,100,True,GRU,0.2,1,200,30,weights,TomorrowTILBasic,0.001,1,20,5
332,13,1024,256,20,0.05,100,True,GRU,0.2,1,200,30,weights,TomorrowTILBasic,0.001,1,20,5
